Image Name,Car Count
20230806-131641.jpg,1
20230806-131646.jpg,7
20230806-131652.jpg,8
20230806-131657.jpg,10
20230806-131703.jpg,10
20230806-131708.jpg,11
20230806-131714.jpg,5
20230806-131719.jpg,8
20230806-131725.jpg,3
20230806-131730.jpg,5
20230806-131736.jpg,9
20230806-131741.jpg,9
20230806-131747.jpg,7
20230806-131752.jpg,9
20230806-131758.jpg,6
20230806-131803.jpg,15
20230806-131809.jpg,19
20230806-131814.jpg,14
20230806-131819.jpg,19
20230806-131825.jpg,11
20230806-131830.jpg,9
20230806-131836.jpg,16
20230806-131841.jpg,19
20230806-131847.jpg,9
20231011-170006.jpg,51
20231011-170012.jpg,19
20231011-170017.jpg,16
20231011-170022.jpg,21
20231011-170028.jpg,13
